"especie","rangos"
"Inga_acreana",1
"Inga_acrocephala",1
"Inga_alata",1
"Inga_alba",1
"Inga_auristellae",1
"Inga_barbata",2
"Inga_bourgonii",1
"Inga_brachyrhachis",1
"Inga_brachystachys",1
"Inga_brevipes",1
"Inga_cayennensis",1
"Inga_chartacea",1
"Inga_ciliata",2
"Inga_cinnamomea",1
"Inga_cordatoalata",1
"Inga_coruscans",1
"Inga_cylindrica",1
"Inga_densiflora",1
"Inga_edulis",0
"Inga_fastuosa",1
"Inga_feuillei",1
"Inga_flagelliformis",0
"Inga_fosteriana",1
"Inga_gracilifolia",1
"Inga_grandiflora",1
"Inga_heterophylla",1
"Inga_huberi",1
"Inga_ilta",1
"Inga_ingoides",1
"Inga_klugii",1
"Inga_lateriflora",1
"Inga_laurina",0
"Inga_leiocalycina",1
"Inga_lineata",1
"Inga_lomatophylla",1
"Inga_longiflora",1
"Inga_longipedunculata",1
"Inga_longipes",1
"Inga_loubryana",1
"Inga_macrophylla",1
"Inga_marginata",0
"Inga_megaphylla",1
"Inga_melinonis",1
"Inga_nobilis",0
"Inga_nouragensis",1
"Inga_oerstediana",1
"Inga_paraensis",1
"Inga_pezizifera",1
"Inga_pitmanii",1
"Inga_poeppigiana",1
"Inga_porcata",1
"Inga_pruriens",1
"Inga_psittacorum",1
"Inga_punctata",1
"Inga_retinocarpa",1
"Inga_rhynchocalyx",1
"Inga_rubiginosa",1
"Inga_ruiziana",1
"Inga_sapindoides",1
"Inga_sertulifera",1
"Inga_setosa",1
"Inga_spectabilis",1
"Inga_splendens",1
"Inga_steinbachii",1
"Inga_stenoptera",1
"Inga_stipulacea",1
"Inga_stipularis",1
"Inga_suaveolens",1
"Inga_tocacheana",1
"Inga_tomentosa",1
"Inga_umbellifera",1
"Inga_umbratica",1
"Inga_virgultosa",1
"Inga_vismiifolia",1
"Inga_yasuniana",1
"Inga_albicoria",0
"Inga_capitata",0
"Inga_cf._edulis_Klitgaard_677",0
"Inga_graciliflora",1
"Inga_gracilior",1
"Inga_killipiana",1
"Inga_multijuga",0
